model,RMSE,MAE,R2,MAPE
Linear Regression,0.0431263217315051,0.034051075801974244,0.8751496869017401,7.555992802384272
Random Forest (Baseline),0.057642836185802834,0.04718230809199119,0.7769534649072082,10.044440342690745
Random Forest (Hybrid),0.05826024577590705,0.047651151614148804,0.7721497950247811,10.159609143392032
N-BEATS,0.08835056903816779,0.07627275722083114,0.16262347626297857,11.585652707523524
